Region Code,Timestamp (Hour Ending),Wind Generation (MWh),Solar Generation (MWh),Hydro Generation (MWh),Other Generation (MWh),Petroleum Generation (MWh),Natural gas Generation (MWh),Coal Generation (MWh),Nuclear Generation (MWh)
NW,5/16/2022 12 a.m. PDT,6358,-1,15742,801,60,5618,8059,1148
NW,5/16/2022 1 a.m. PDT,6879,0,14989,814,60,5479,7852,1147
NW,5/16/2022 2 a.m. PDT,6716,-3,14250,816,60,5292,7681,1147
NW,5/16/2022 3 a.m. PDT,6961,0,14033,819,61,5030,7552,1147
NW,5/16/2022 4 a.m. PDT,7219,-4,13939,835,61,4853,7578,1148
NW,5/16/2022 5 a.m. PDT,7114,-2,14804,845,62,4955,7607,1151
NW,5/16/2022 6 a.m. PDT,7569,186,16398,844,61,5082,7690,1153
NW,5/16/2022 7 a.m. PDT,7289,1599,17731,852,60,4754,7807,1155
NW,5/16/2022 8 a.m. PDT,7024,3582,17712,859,60,3769,7764,1154
NW,5/16/2022 9 a.m. PDT,6767,4561,17516,859,60,3378,7713,1153
NW,5/16/2022 10 a.m. PDT,6977,4920,16651,859,59,3445,7818,1153
NW,5/16/2022 11 a.m. PDT,7594,4943,15785,934,56,3745,7807,1151
NW,5/16/2022 12 p.m. PDT,8274,4896,15146,917,57,4079,7862,1148
NW,5/16/2022 1 p.m. PDT,8550,4730,14919,901,56,4377,8541,1147
NW,5/16/2022 2 p.m. PDT,8827,4692,14913,890,56,4608,8799,1146
NW,5/16/2022 3 p.m. PDT,9100,4494,14996,877,56,5170,8810,1145
NW,5/16/2022 4 p.m. PDT,9123,4112,14943,864,57,5908,8824,1146
NW,5/16/2022 5 p.m. PDT,9869,3977,15451,780,57,6150,8475,1146
NW,5/16/2022 6 p.m. PDT,9563,3333,16256,757,58,7040,8770,1144
NW,5/16/2022 7 p.m. PDT,9366,1746,17376,800,58,7772,8840,1142
NW,5/16/2022 8 p.m. PDT,9056,263,17975,851,59,8188,8786,1143
NW,5/16/2022 9 p.m. PDT,9436,25,17350,838,58,7950,8635,1145
NW,5/16/2022 10 p.m. PDT,9722,22,16968,817,60,6798,8230,1147
NW,5/16/2022 11 p.m. PDT,8883,-1,16588,833,59,6378,7784,1151
NW,5/17/2022 12 a.m. PDT,7991,-1,15366,816,62,5704,7667,1155
NW,5/17/2022 1 a.m. PDT,7807,-1,15492,812,61,5374,7902,1156
NW,5/17/2022 2 a.m. PDT,7596,-5,15115,814,61,5046,8371,1157
NW,5/17/2022 3 a.m. PDT,7276,1,14993,820,59,5029,8832,1159
NW,5/17/2022 4 a.m. PDT,6570,-1,15541,830,59,5323,8995,1160
NW,5/17/2022 5 a.m. PDT,6432,0,16220,856,60,5393,9029,1161
NW,5/17/2022 6 a.m. PDT,6376,230,18196,861,60,5311,9125,1161
NW,5/17/2022 7 a.m. PDT,6210,2024,19158,890,59,5099,9058,1162
NW,5/17/2022 8 a.m. PDT,5605,4176,19093,943,55,4197,8917,1159
NW,5/17/2022 9 a.m. PDT,5702,4798,17990,829,57,4014,8473,1159
NW,5/17/2022 10 a.m. PDT,6064,5014,17543,845,56,4002,8081,1158
NW,5/17/2022 11 a.m. PDT,5709,5005,17367,814,58,4316,7902,1156
NW,5/17/2022 12 p.m. PDT,5442,4932,17274,811,58,4460,7858,1156
NW,5/17/2022 1 p.m. PDT,10945,4804,17169,851,57,4963,8278,1155
NW,5/17/2022 2 p.m. PDT,5659,4607,17120,793,56,5627,8332,1154
NW,5/17/2022 3 p.m. PDT,5495,4353,16779,787,59,6071,8673,1153
NW,5/17/2022 4 p.m. PDT,5730,4253,16322,780,57,6422,8571,1154
NW,5/17/2022 5 p.m. PDT,7063,3953,17070,764,58,6129,8285,1152
NW,5/17/2022 6 p.m. PDT,6448,3361,18131,711,58,7174,8405,1153
NW,5/17/2022 7 p.m. PDT,5689,1641,19086,746,57,8210,9021,1151
NW,5/17/2022 8 p.m. PDT,5602,182,18943,744,58,8114,9487,1153
NW,5/17/2022 9 p.m. PDT,5261,23,18606,746,57,8235,9361,1153
NW,5/17/2022 10 p.m. PDT,5507,24,18557,739,59,7488,9413,1153
NW,5/17/2022 11 p.m. PDT,5809,-1,18390,747,59,6699,9186,1153
NW,5/18/2022 12 a.m. PDT,4910,-2,16505,762,58,6311,8931,1157
NW,5/18/2022 1 a.m. PDT,4732,-1,16004,771,58,6213,8922,1157
NW,5/18/2022 2 a.m. PDT,4115,-2,15426,790,58,6334,8872,1157
NW,5/18/2022 3 a.m. PDT,3386,-1,15420,802,58,6329,9002,1159
NW,5/18/2022 4 a.m. PDT,3052,-3,15779,797,57,6515,9126,1158
NW,5/18/2022 5 a.m. PDT,3383,0,16571,807,59,6324,9114,1158
NW,5/18/2022 6 a.m. PDT,3458,231,17641,825,59,6611,9378,1157
NW,5/18/2022 7 a.m. PDT,3583,2042,19271,811,58,5845,9554,1157
NW,5/18/2022 8 a.m. PDT,4316,3976,19326,816,59,4962,9434,1155
NW,5/18/2022 9 a.m. PDT,5091,4613,18975,775,59,4827,9122,1154
NW,5/18/2022 10 a.m. PDT,5794,4808,18621,752,57,4892,8591,1153
NW,5/18/2022 11 a.m. PDT,5924,4835,17830,695,59,4903,8363,1146
NW,5/18/2022 12 p.m. PDT,6828,4906,17031,702,58,4971,8349,1141
NW,5/18/2022 1 p.m. PDT,8165,4760,16192,690,59,5300,8504,1139
NW,5/18/2022 2 p.m. PDT,8500,4462,15298,688,58,6310,8409,1135
NW,5/18/2022 3 p.m. PDT,9101,4431,15312,680,59,7143,8358,1137
NW,5/18/2022 4 p.m. PDT,9288,4362,16170,708,58,7520,8455,1139
NW,5/18/2022 5 p.m. PDT,9895,4098,17504,710,56,7813,8576,1144
NW,5/18/2022 6 p.m. PDT,9856,3152,18502,706,53,8526,8718,1145
NW,5/18/2022 7 p.m. PDT,9910,1365,18905,748,52,8785,9064,1145
NW,5/18/2022 8 p.m. PDT,9957,209,18693,738,53,8506,9097,1150
NW,5/18/2022 9 p.m. PDT,9922,25,18778,757,56,8708,9094,1162
NW,5/18/2022 10 p.m. PDT,9056,20,18810,759,56,7377,8679,1163
NW,5/18/2022 11 p.m. PDT,10329,-5,16928,739,58,6547,7494,1164
NW,5/19/2022 12 a.m. PDT,11056,-2,16394,777,57,5869,7031,1157
NW,5/19/2022 1 a.m. PDT,12112,-1,15383,778,57,5155,7253,1157
NW,5/19/2022 2 a.m. PDT,12078,-2,14837,846,57,4981,6938,1158
NW,5/19/2022 3 a.m. PDT,12242,-4,14709,815,57,4812,6750,1159
NW,5/19/2022 4 a.m. PDT,12409,-4,14971,818,58,4885,6572,1159
NW,5/19/2022 5 a.m. PDT,12677,3,15508,834,59,4610,6755,1159
NW,5/19/2022 6 a.m. PDT,12260,223,16789,840,58,4745,7210,1162
NW,5/19/2022 7 a.m. PDT,11729,1823,18397,832,59,4463,7620,1161
NW,5/19/2022 8 a.m. PDT,11405,3508,19324,826,58,3684,7346,1161
NW,5/19/2022 9 a.m. PDT,11133,4137,19538,814,59,3604,6947,1160
NW,5/19/2022 10 a.m. PDT,11038,4495,19398,837,60,3199,7476,1155
NW,5/19/2022 11 a.m. PDT,11216,4463,19021,831,59,3045,7617,1151
NW,5/19/2022 12 p.m. PDT,11316,4338,18812,816,58,3303,7634,1151
NW,5/19/2022 1 p.m. PDT,11127,4460,18262,812,56,3545,7887,1151
NW,5/19/2022 2 p.m. PDT,11327,4446,17956,807,57,3863,8358,1150
NW,5/19/2022 3 p.m. PDT,11527,4273,17354,809,57,4237,8515,1151
NW,5/19/2022 4 p.m. PDT,11646,3932,17220,809,56,5114,8590,1152
NW,5/19/2022 5 p.m. PDT,12103,3534,17799,799,56,5725,8260,1153
NW,5/19/2022 6 p.m. PDT,12030,2764,18167,802,55,5888,8081,1151
NW,5/19/2022 7 p.m. PDT,11524,1277,18157,849,56,6499,8293,1151
NW,5/19/2022 8 p.m. PDT,11653,237,18506,866,54,6275,8420,1148
NW,5/19/2022 9 p.m. PDT,11174,24,18593,877,55,6190,8475,1148
NW,5/19/2022 10 p.m. PDT,10369,17,18797,891,57,6240,8215,1150
NW,5/19/2022 11 p.m. PDT,8805,-1,17525,858,58,5657,8007,1152
NW,5/20/2022 12 a.m. PDT,8393,-2,16842,884,57,5278,7897,1154
NW,5/20/2022 1 a.m. PDT,9511,-1,16262,874,55,4920,7635,1155
NW,5/20/2022 2 a.m. PDT,9431,-2,16030,879,56,4694,7340,1157
NW,5/20/2022 3 a.m. PDT,9269,-2,15990,894,55,4513,7497,1157
NW,5/20/2022 4 a.m. PDT,9243,-1,16581,904,56,4391,7501,1160
NW,5/20/2022 5 a.m. PDT,9156,-3,16997,935,57,4327,7816,1160
NW,5/20/2022 6 a.m. PDT,9018,96,19061,929,58,4318,7859,1160
NW,5/20/2022 7 a.m. PDT,8427,1316,20550,939,58,4029,8203,1159
NW,5/20/2022 8 a.m. PDT,7612,3241,20852,975,60,3560,8180,1158
NW,5/20/2022 9 a.m. PDT,7500,4148,20107,990,59,3304,7646,1157
NW,5/20/2022 10 a.m. PDT,7339,4272,19737,1005,60,2905,7280,1156
NW,5/20/2022 11 a.m. PDT,7162,4335,19304,1002,60,2751,6944,1154
NW,5/20/2022 12 p.m. PDT,6863,4382,19094,994,61,2694,6451,1153
NW,5/20/2022 1 p.m. PDT,6823,4418,18373,986,61,2782,6810,1152
NW,5/20/2022 2 p.m. PDT,6637,4421,17993,977,60,2844,7177,1151
NW,5/20/2022 3 p.m. PDT,6574,4322,17858,961,62,2845,7379,1152
NW,5/20/2022 4 p.m. PDT,7167,4245,17866,953,61,3125,6912,1152
NW,5/20/2022 5 p.m. PDT,6937,4053,18651,928,61,3643,7043,1152
NW,5/20/2022 6 p.m. PDT,6950,3630,19828,918,62,3986,7411,1148
NW,5/20/2022 7 p.m. PDT,6803,1880,20170,938,61,4912,8219,1149
NW,5/20/2022 8 p.m. PDT,6065,293,20409,960,62,5567,8844,1151
NW,5/20/2022 9 p.m. PDT,5903,2,20103,910,60,5772,9102,1149
NW,5/20/2022 10 p.m. PDT,5225,2,20366,890,60,5605,9152,1150
NW,5/20/2022 11 p.m. PDT,3934,2,20015,955,62,5382,9339,1153
NW,5/21/2022 12 a.m. PDT,2660,0,18878,964,62,5527,9410,1154
NW,5/21/2022 1 a.m. PDT,2548,2,18429,987,62,5532,9591,1155
NW,5/21/2022 2 a.m. PDT,3237,1,17398,986,61,5293,8977,1155
NW,5/21/2022 3 a.m. PDT,3153,2,17365,993,61,5337,8851,1156
NW,5/21/2022 4 a.m. PDT,3022,1,17534,999,59,5420,8844,1157
NW,5/21/2022 5 a.m. PDT,2919,3,18116,981,61,5447,8986,1159
NW,5/21/2022 6 a.m. PDT,2481,145,18569,1014,60,5329,9121,1157
NW,5/21/2022 7 a.m. PDT,2086,1779,18763,1023,60,4967,9335,1159
NW,5/21/2022 8 a.m. PDT,1922,3879,18265,1029,61,4356,8744,1157
NW,5/21/2022 9 a.m. PDT,1703,4564,18388,1041,60,4072,7592,1156
NW,5/21/2022 10 a.m. PDT,1842,4817,17971,1049,60,3660,7230,1154
NW,5/21/2022 11 a.m. PDT,1847,4882,17734,1047,59,3690,7009,1152
NW,5/21/2022 12 p.m. PDT,1876,4926,17059,1048,61,3822,7110,1152
NW,5/21/2022 1 p.m. PDT,1915,4920,16834,1041,60,3694,6834,1152
NW,5/21/2022 2 p.m. PDT,2237,4827,16526,1044,60,3613,6675,1151
NW,5/21/2022 3 p.m. PDT,2109,4679,16434,972,60,3823,6899,1152
NW,5/21/2022 4 p.m. PDT,2209,4446,16541,968,60,4358,7688,1150
NW,5/21/2022 5 p.m. PDT,2614,4160,17001,905,61,4908,7732,1149
NW,5/21/2022 6 p.m. PDT,3393,3618,18086,897,62,5431,7733,1150
NW,5/21/2022 7 p.m. PDT,3406,1897,18569,942,61,6522,8277,1152
NW,5/21/2022 8 p.m. PDT,2708,247,19291,949,60,7248,9333,1152
NW,5/21/2022 9 p.m. PDT,2773,30,19118,951,59,7133,9665,1153
NW,5/21/2022 10 p.m. PDT,2765,26,19469,945,62,6604,9575,1154
NW,5/21/2022 11 p.m. PDT,2781,2,19226,933,56,5907,9551,1156
NW,5/22/2022 12 a.m. PDT,2217,0,18113,995,60,5815,9549,1156
NW,5/22/2022 1 a.m. PDT,1764,1,17450,991,59,5668,6864,1156
NW,5/22/2022 2 a.m. PDT,1592,2,17226,994,62,5636,6907,1158
NW,5/22/2022 3 a.m. PDT,1423,2,17064,964,63,5381,6921,1158
NW,5/22/2022 4 a.m. PDT,1447,3,17266,973,62,5287,6929,1159
NW,5/22/2022 5 a.m. PDT,1416,-1,17520,1011,61,5365,6900,1160
NW,5/22/2022 6 a.m. PDT,1490,157,18051,1034,61,5367,6956,1160
NW,5/22/2022 7 a.m. PDT,1846,1731,17745,1028,62,4599,6815,1159
NW,5/22/2022 8 a.m. PDT,3099,3676,16992,1038,61,3040,5452,1158
NW,5/22/2022 9 a.m. PDT,3724,4297,16854,1007,62,2936,4334,1157
NW,5/22/2022 10 a.m. PDT,3656,4446,17229,933,60,2673,4076,1155
NW,5/22/2022 11 a.m. PDT,3892,4416,17245,928,61,2543,3850,1155
NW,5/22/2022 12 p.m. PDT,3937,4559,17013,869,61,2531,3707,1152
NW,5/22/2022 1 p.m. PDT,4131,4484,16622,823,61,2472,3791,1151
NW,5/22/2022 2 p.m. PDT,4295,4517,16443,813,60,2620,3885,1151
NW,5/22/2022 3 p.m. PDT,4459,4518,16567,809,61,2824,4149,1151
NW,5/22/2022 4 p.m. PDT,4844,4452,16745,800,61,3327,5068,1150
NW,5/22/2022 5 p.m. PDT,4676,4311,17331,789,61,4167,5661,1151
NW,5/22/2022 6 p.m. PDT,4249,3631,17805,785,62,5176,6181,1149
NW,5/22/2022 7 p.m. PDT,4057,1654,19474,833,62,6728,6969,1151
NW,5/22/2022 8 p.m. PDT,3969,245,19274,806,61,6870,7261,1149
NW,5/22/2022 9 p.m. PDT,4382,29,19601,794,61,6307,7141,1149
NW,5/22/2022 10 p.m. PDT,4337,26,19418,824,60,6112,6958,1152
NW,5/22/2022 11 p.m. PDT,4258,1,18309,798,54,5862,6734,1152
NW,5/23/2022 12 a.m. PDT,4359,3,17230,803,60,5466,6594,1151
NW,5/23/2022 1 a.m. PDT,5305,2,17002,806,61,5123,8538,1154
NW,5/23/2022 2 a.m. PDT,5195,3,16985,825,62,4977,8517,1155
NW,5/23/2022 3 a.m. PDT,5114,3,16873,872,61,4889,8563,1155
NW,5/23/2022 4 a.m. PDT,5434,1,16855,894,60,4902,8456,1156
NW,5/23/2022 5 a.m. PDT,5972,3,17404,845,60,5064,8486,1157
NW,5/23/2022 6 a.m. PDT,6208,149,19095,849,60,5210,8422,1157
NW,5/23/2022 7 a.m. PDT,6171,1420,19554,866,60,4849,8657,1156
NW,5/23/2022 8 a.m. PDT,5675,3198,19586,944,59,4047,8484,1155
NW,5/23/2022 9 a.m. PDT,5528,3939,19060,930,59,3524,8430,1155
NW,5/23/2022 10 a.m. PDT,5520,4337,19059,945,60,3119,8444,1152
NW,5/23/2022 11 a.m. PDT,5648,4681,18568,926,58,2994,8697,1152
NW,5/23/2022 12 p.m. PDT,5313,4780,17879,855,59,3725,8815,1149
NW,5/23/2022 1 p.m. PDT,5197,4664,17534,858,58,4086,8909,1149
NW,5/23/2022 2 p.m. PDT,5679,4515,17085,844,58,4277,8947,1144
NW,5/23/2022 3 p.m. PDT,6200,4453,16694,832,57,4557,8889,1144
NW,5/23/2022 4 p.m. PDT,6705,4348,16687,820,58,5212,9189,1144
NW,5/23/2022 5 p.m. PDT,7287,4119,17253,807,59,5833,9645,1142
NW,5/23/2022 6 p.m. PDT,7263,3607,18446,793,58,6592,9784,1143
NW,5/23/2022 7 p.m. PDT,7163,1938,19323,830,61,7580,9922,1141
NW,5/23/2022 8 p.m. PDT,6578,349,19723,832,55,8065,10021,1141
NW,5/23/2022 9 p.m. PDT,6544,30,19348,832,59,8284,9840,1145
NW,5/23/2022 10 p.m. PDT,6046,23,19116,822,59,8138,9645,1146
NW,5/23/2022 11 p.m. PDT,4901,-2,18552,797,60,7796,9468,1148
NW,5/24/2022 12 a.m. PDT,3410,-3,17735,823,61,7420,9390,1148
NW,5/24/2022 1 a.m. PDT,2663,-2,17146,895,62,7151,9364,1151
NW,5/24/2022 2 a.m. PDT,2049,-1,16767,842,60,6961,9198,1151
NW,5/24/2022 3 a.m. PDT,2043,-3,16558,851,61,6668,9210,1154
NW,5/24/2022 4 a.m. PDT,2158,-5,16681,847,59,6503,9271,1155
NW,5/24/2022 5 a.m. PDT,2194,-3,17628,855,61,6842,9351,1165
NW,5/24/2022 6 a.m. PDT,2309,159,18899,865,61,7125,9399,1166
NW,5/24/2022 7 a.m. PDT,2007,1854,20023,870,58,6731,9419,1167
NW,5/24/2022 8 a.m. PDT,1831,3758,20512,862,58,5580,9356,1165
NW,5/24/2022 9 a.m. PDT,1834,4381,20076,858,58,5481,9382,1163
NW,5/24/2022 10 a.m. PDT,1748,4540,19538,853,58,5207,9402,1161
NW,5/24/2022 11 a.m. PDT,1866,4668,19188,892,58,4989,9429,1161
NW,5/24/2022 12 p.m. PDT,2195,4772,18929,928,58,4850,9447,1159
NW,5/24/2022 1 p.m. PDT,2503,4617,18543,917,58,5285,9498,1158
NW,5/24/2022 2 p.m. PDT,2680,4602,18617,892,59,5378,9531,1158
NW,5/24/2022 3 p.m. PDT,3058,4656,18285,832,59,5643,9602,1158
NW,5/24/2022 4 p.m. PDT,2979,4530,18503,799,57,6557,9494,1157
NW,5/24/2022 5 p.m. PDT,2944,4527,18754,809,59,7094,9527,1158
NW,5/24/2022 6 p.m. PDT,3775,3934,19765,794,59,7456,9379,1158
NW,5/24/2022 7 p.m. PDT,3972,2024,19789,897,59,8609,9467,1157
NW,5/24/2022 8 p.m. PDT,3610,299,19640,921,61,9339,9519,1156
NW,5/24/2022 9 p.m. PDT,3548,23,19571,937,61,9266,9567,1153
NW,5/24/2022 10 p.m. PDT,3664,22,19506,941,58,8848,9520,1149
NW,5/24/2022 11 p.m. PDT,3694,-2,18476,896,61,7723,9321,1147
NW,5/25/2022 12 a.m. PDT,3772,-2,17407,908,62,6826,9276,1149
NW,5/25/2022 1 a.m. PDT,4008,-2,16576,853,61,6154,9300,1149
NW,5/25/2022 2 a.m. PDT,4961,-1,16216,856,61,5462,8976,1153
NW,5/25/2022 3 a.m. PDT,5561,-3,16049,858,60,5272,8617,1152
NW,5/25/2022 4 a.m. PDT,5601,-2,16222,870,61,5232,8599,1146
NW,5/25/2022 5 a.m. PDT,5925,-2,16940,876,61,5202,8683,1148
NW,5/25/2022 6 a.m. PDT,6115,337,17617,884,60,5277,8667,1149
NW,5/25/2022 7 a.m. PDT,5772,2327,19086,884,58,5148,8394,1147
NW,5/25/2022 8 a.m. PDT,5836,4280,19840,879,58,4051,8323,1148
NW,5/25/2022 9 a.m. PDT,6854,4801,19949,872,58,3746,7985,1145
NW,5/25/2022 10 a.m. PDT,7339,4937,19530,871,58,3455,7811,1140
NW,5/25/2022 11 a.m. PDT,8250,4979,18682,804,58,3613,7533,1136
NW,5/25/2022 12 p.m. PDT,8299,5006,18409,793,56,3884,7794,1137
NW,5/25/2022 1 p.m. PDT,8461,5051,17849,772,56,4396,7852,1133
NW,5/25/2022 2 p.m. PDT,8369,5015,17701,752,55,5262,7954,1133
NW,5/25/2022 3 p.m. PDT,8827,5025,17747,748,56,5648,8132,1134
NW,5/25/2022 4 p.m. PDT,8783,5084,17984,765,58,5936,8091,1133
NW,5/25/2022 5 p.m. PDT,8315,4750,18016,794,58,6470,7992,1133
NW,5/25/2022 6 p.m. PDT,7306,4114,19415,804,58,6530,8184,1133
NW,5/25/2022 7 p.m. PDT,5664,2076,20238,796,59,8065,8879,1133
NW,5/25/2022 8 p.m. PDT,4038,281,20912,777,61,9620,9684,1134
NW,5/25/2022 9 p.m. PDT,2806,4,20993,825,61,9623,9960,1137
NW,5/25/2022 10 p.m. PDT,2322,-2,20843,852,60,9210,10047,1138
NW,5/25/2022 11 p.m. PDT,2076,-1,19441,852,61,8533,9998,1139
NW,5/26/2022 12 a.m. PDT,1977,-3,18030,872,61,7714,9936,1141
NW,5/26/2022 1 a.m. PDT,1963,-2,17912,877,60,7249,9911,1143
NW,5/26/2022 2 a.m. PDT,1904,-1,17474,893,59,6888,9884,1149
NW,5/26/2022 3 a.m. PDT,1915,-1,17405,896,60,6720,9846,1148
NW,5/26/2022 4 a.m. PDT,2307,-2,17361,912,61,6357,9830,1149
NW,5/26/2022 5 a.m. PDT,2618,1,17767,888,62,6206,9631,1151
NW,5/26/2022 6 a.m. PDT,2750,363,18909,855,61,6378,9513,1152
NW,5/26/2022 7 a.m. PDT,2392,2355,19715,855,59,5950,9275,1151
NW,5/26/2022 8 a.m. PDT,1893,4335,20264,852,58,5541,9625,1149
NW,5/26/2022 9 a.m. PDT,1928,4961,19885,831,58,5438,9573,1146
NW,5/26/2022 10 a.m. PDT,1961,5081,19501,847,59,5407,9593,1143
NW,5/26/2022 11 a.m. PDT,2199,5115,18978,849,58,5731,9752,1143
NW,5/26/2022 12 p.m. PDT,2173,5095,18684,792,58,6213,9779,1143
NW,5/26/2022 1 p.m. PDT,2095,5077,18729,833,58,6725,9724,1144
NW,5/26/2022 2 p.m. PDT,2041,4954,19006,888,58,7247,9911,1143
NW,5/26/2022 3 p.m. PDT,2085,4759,18945,864,57,8004,10150,1143
NW,5/26/2022 4 p.m. PDT,2312,4479,18803,856,56,8994,10415,1144
NW,5/26/2022 5 p.m. PDT,2403,4046,19180,894,57,9472,10417,1145
NW,5/26/2022 6 p.m. PDT,2996,3049,20065,916,57,9968,10387,1146
NW,5/26/2022 7 p.m. PDT,3445,1270,20052,911,58,10621,10384,1146
NW,5/26/2022 8 p.m. PDT,4771,165,19888,908,61,10306,10381,1146
NW,5/26/2022 9 p.m. PDT,5788,21,19765,852,61,9115,10399,1145
NW,5/26/2022 10 p.m. PDT,6151,-6,20517,822,62,8010,10034,1139
NW,5/26/2022 11 p.m. PDT,5900,0,19247,850,60,7739,9416,1138
NW,5/27/2022 12 a.m. PDT,6238,-2,18225,882,62,6533,9275,1142
NW,5/27/2022 1 a.m. PDT,6464,-1,17451,862,60,6222,9207,1146
NW,5/27/2022 2 a.m. PDT,5337,-4,16494,874,61,6090,9368,1142
NW,5/27/2022 3 a.m. PDT,5165,-4,16466,947,60,5893,9335,1144
NW,5/27/2022 4 a.m. PDT,5290,-1,16235,983,61,5587,9259,1144
NW,5/27/2022 5 a.m. PDT,5543,3,16707,998,61,5684,9192,1145
NW,5/27/2022 6 a.m. PDT,5419,244,17167,998,60,5773,9335,1145
NW,5/27/2022 7 a.m. PDT,4973,1311,17891,1002,59,5745,9215,1145
NW,5/27/2022 8 a.m. PDT,4734,3145,18467,989,59,5439,9175,1146
NW,5/27/2022 9 a.m. PDT,5426,4300,17864,979,56,5273,9297,1146
NW,5/27/2022 10 a.m. PDT,6625,4602,17578,961,58,5058,8991,1144
NW,5/27/2022 11 a.m. PDT,7631,4695,17353,918,60,5227,9141,1146
NW,5/27/2022 12 p.m. PDT,8056,4780,16797,854,58,6136,8346,1149
NW,5/27/2022 1 p.m. PDT,8213,4677,16993,843,57,6930,7747,1148
NW,5/27/2022 2 p.m. PDT,8450,4152,16837,843,59,7485,7590,1148
NW,5/27/2022 3 p.m. PDT,8791,3781,17220,859,59,7393,7852,1145
NW,5/27/2022 4 p.m. PDT,8890,3204,17443,929,60,7910,8672,1144
NW,5/27/2022 5 p.m. PDT,9095,2385,17117,861,59,8030,9287,1145
NW,5/27/2022 6 p.m. PDT,7752,1229,18183,829,60,8861,9566,1147
NW,5/27/2022 7 p.m. PDT,7005,514,18203,847,59,9557,9903,1147
NW,5/27/2022 8 p.m. PDT,6564,129,17861,885,60,9497,9966,1146
NW,5/27/2022 9 p.m. PDT,6570,1,17936,872,59,9120,9919,1149
NW,5/27/2022 10 p.m. PDT,6520,-2,18109,873,59,8767,9818,1151
NW,5/27/2022 11 p.m. PDT,6583,-1,17211,856,59,8155,9567,1155
NW,5/28/2022 12 a.m. PDT,6483,-2,16039,835,59,7351,9146,1155
NW,5/28/2022 1 a.m. PDT,5278,-1,16042,847,60,6593,6835,1156
NW,5/28/2022 2 a.m. PDT,4704,-1,15665,840,60,6271,6779,1156
NW,5/28/2022 3 a.m. PDT,4245,-4,15909,857,59,5971,6743,1156
NW,5/28/2022 4 a.m. PDT,3784,-1,16212,870,58,5776,6700,1157
NW,5/28/2022 5 a.m. PDT,3546,4,16793,879,60,5606,6960,1157
NW,5/28/2022 6 a.m. PDT,3304,114,17310,879,60,5489,7162,1157
NW,5/28/2022 7 a.m. PDT,2775,937,18158,882,60,5243,7007,1157
NW,5/28/2022 8 a.m. PDT,2411,2343,17989,888,59,4542,7056,1158
NW,5/28/2022 9 a.m. PDT,2412,3414,18079,909,58,4461,5982,1156
NW,5/28/2022 10 a.m. PDT,2889,3842,17888,964,60,4077,4883,1155
NW,5/28/2022 11 a.m. PDT,3897,3966,17976,969,59,3978,4104,1152
NW,5/28/2022 12 p.m. PDT,4686,4098,17876,904,58,4090,4159,1151
NW,5/28/2022 1 p.m. PDT,5027,4159,17664,908,60,4262,4078,1151
NW,5/28/2022 2 p.m. PDT,5259,3945,17633,886,57,4578,4012,1151
NW,5/28/2022 3 p.m. PDT,5369,3973,17574,885,59,4660,4010,1151
NW,5/28/2022 4 p.m. PDT,5866,3730,17791,879,59,5009,4352,1151
NW,5/28/2022 5 p.m. PDT,5941,3274,17849,885,60,5551,4571,1149
NW,5/28/2022 6 p.m. PDT,5787,2685,18929,888,59,6041,5004,1149
NW,5/28/2022 7 p.m. PDT,5208,1313,20414,939,60,6888,6344,1149
NW,5/28/2022 8 p.m. PDT,4819,182,20662,927,60,7169,7133,1150
NW,5/28/2022 9 p.m. PDT,4905,1,20905,901,60,6858,7153,1149
NW,5/28/2022 10 p.m. PDT,5178,-2,20427,855,59,6403,6751,1149
NW,5/28/2022 11 p.m. PDT,5225,-2,18755,882,60,6236,6298,1149
NW,5/29/2022 12 a.m. PDT,4845,-3,17466,890,59,6011,6643,1150
NW,5/29/2022 1 a.m. PDT,5546,-2,16901,934,60,5648,6309,1152
NW,5/29/2022 2 a.m. PDT,6164,-1,16299,894,59,5420,5990,1151
NW,5/29/2022 3 a.m. PDT,5969,-5,16117,901,59,5391,5819,1150
NW,5/29/2022 4 a.m. PDT,6134,-2,16042,959,58,5187,5563,1150
NW,5/29/2022 5 a.m. PDT,6430,2,16014,913,60,5167,5367,1150
NW,5/29/2022 6 a.m. PDT,6756,117,16437,908,59,5000,4998,1152
NW,5/29/2022 7 a.m. PDT,6613,1134,16655,924,62,4659,4899,1150
NW,5/29/2022 8 a.m. PDT,6765,2854,15872,936,59,3661,3996,1150
NW,5/29/2022 9 a.m. PDT,7017,3661,15954,962,58,3317,3429,1148
NW,5/29/2022 10 a.m. PDT,6935,4285,16130,974,59,3155,3567,1149
NW,5/29/2022 11 a.m. PDT,6841,4413,15892,983,60,3438,3885,1151
NW,5/29/2022 12 p.m. PDT,7631,4436,15717,976,61,3272,3948,1152
NW,5/29/2022 1 p.m. PDT,8818,4242,15288,972,63,3232,3531,1009
NW,5/29/2022 2 p.m. PDT,9367,4218,15261,1029,60,3230,3307,881
NW,5/29/2022 3 p.m. PDT,9432,4217,14962,1040,59,3477,3279,880
NW,5/29/2022 4 p.m. PDT,9495,3828,14858,1033,59,3948,3352,868
NW,5/29/2022 5 p.m. PDT,9324,3696,15370,952,60,4523,3402,860
NW,5/29/2022 6 p.m. PDT,10056,3294,16268,919,61,4575,3427,879
NW,5/29/2022 7 p.m. PDT,10864,1845,18420,977,58,5670,3893,878
NW,5/29/2022 8 p.m. PDT,11192,301,18562,979,60,6219,4497,879
NW,5/29/2022 9 p.m. PDT,10702,3,18689,968,60,6194,5047,884
NW,5/29/2022 10 p.m. PDT,10231,-2,18914,958,61,5802,5283,887
NW,5/29/2022 11 p.m. PDT,8342,-2,18238,913,60,5545,5151,881
NW,5/30/2022 12 a.m. PDT,7965,-2,16807,925,59,5031,4859,884
NW,5/30/2022 1 a.m. PDT,9385,-2,16543,922,60,4898,4141,889
NW,5/30/2022 2 a.m. PDT,9225,-1,16086,933,60,4862,4089,884
NW,5/30/2022 3 a.m. PDT,8848,-2,15884,1013,59,4674,4092,887
NW,5/30/2022 4 a.m. PDT,8803,-3,16161,1012,59,4370,4059,885
NW,5/30/2022 5 a.m. PDT,8439,0,16529,1014,60,4307,4164,894
NW,5/30/2022 6 a.m. PDT,8369,285,17077,1016,62,4201,4472,897
NW,5/30/2022 7 a.m. PDT,8003,2035,17689,956,61,3804,4331,899
NW,5/30/2022 8 a.m. PDT,8093,3819,16779,944,60,3283,3494,908
NW,5/30/2022 9 a.m. PDT,8111,4256,17242,969,62,3062,3222,963
NW,5/30/2022 10 a.m. PDT,7931,4198,17552,994,61,2742,3168,1137
NW,5/30/2022 11 a.m. PDT,7219,4241,17949,976,60,2769,3160,1155
NW,5/30/2022 12 p.m. PDT,6751,4135,17994,977,61,2752,3158,1155
NW,5/30/2022 1 p.m. PDT,6507,4288,17735,1018,61,2768,3211,1154
NW,5/30/2022 2 p.m. PDT,6318,4194,17612,1016,61,2806,3341,1155
NW,5/30/2022 3 p.m. PDT,6014,4026,17882,1000,62,2867,3363,1155
NW,5/30/2022 4 p.m. PDT,5935,3691,18063,976,60,3200,3520,1153
NW,5/30/2022 5 p.m. PDT,6218,3526,18312,971,61,3590,3952,1152
NW,5/30/2022 6 p.m. PDT,6101,3291,19239,1029,61,4026,4776,1150
NW,5/30/2022 7 p.m. PDT,5767,1790,20912,1020,61,4891,6170,1151
NW,5/30/2022 8 p.m. PDT,5467,261,21145,962,59,5781,6810,1150
NW,5/30/2022 9 p.m. PDT,5656,25,20969,959,59,6070,6769,1150
NW,5/30/2022 10 p.m. PDT,5123,-1,20795,937,61,5990,6606,1151
NW,5/30/2022 11 p.m. PDT,4484,-3,19855,938,59,5700,6546,1152
NW,5/31/2022 12 a.m. PDT,4120,-1,18628,949,59,5160,6497,1150
NW,5/31/2022 1 a.m. PDT,4198,-5,18137,952,60,4818,6088,1151
NW,5/31/2022 2 a.m. PDT,4083,-1,17848,969,58,4811,6254,1136
NW,5/31/2022 3 a.m. PDT,3850,-2,17594,966,60,4812,6333,1151
NW,5/31/2022 4 a.m. PDT,3303,-3,17800,964,59,4515,6629,1156
NW,5/31/2022 5 a.m. PDT,3612,1,18786,1004,59,4532,6643,1154
NW,5/31/2022 6 a.m. PDT,3771,264,19524,1000,60,4665,6590,1155
NW,5/31/2022 7 a.m. PDT,3784,1658,19880,1002,59,4473,6585,1154
NW,5/31/2022 8 a.m. PDT,3542,3415,20250,954,60,3750,6553,1152
NW,5/31/2022 9 a.m. PDT,3493,4112,19981,948,61,3472,6586,1148
NW,5/31/2022 10 a.m. PDT,3257,4464,19260,951,60,3388,6604,1152
NW,5/31/2022 11 a.m. PDT,3084,4725,19136,942,62,3445,6620,1150
NW,5/31/2022 12 p.m. PDT,2648,5076,18968,936,61,3689,6791,1149
NW,5/31/2022 1 p.m. PDT,2470,4884,18860,932,60,4146,7231,1146
NW,5/31/2022 2 p.m. PDT,2168,4732,18968,954,61,4657,7347,1146
NW,5/31/2022 3 p.m. PDT,2286,4577,19131,991,59,4930,7343,1147
NW,5/31/2022 4 p.m. PDT,2864,4357,19247,1009,61,4938,7255,1144
NW,5/31/2022 5 p.m. PDT,3748,4095,19683,991,60,5203,6998,1142
NW,5/31/2022 6 p.m. PDT,3892,3750,19893,977,60,5491,6856,1143
NW,5/31/2022 7 p.m. PDT,3920,2274,20306,988,61,6537,6951,1143
NW,5/31/2022 8 p.m. PDT,3852,448,20706,1024,60,7484,6993,1143
NW,5/31/2022 9 p.m. PDT,3706,32,20815,991,59,7235,6911,1144
NW,5/31/2022 10 p.m. PDT,3364,24,20676,907,62,6924,6734,1146
NW,5/31/2022 11 p.m. PDT,3196,22,19982,950,61,6345,6508,1148
NW,6/1/2022 12 a.m. PDT,2879,-1,19463,866,60,5840,6563,1147
NW,6/1/2022 1 a.m. PDT,2289,-3,18762,884,60,5448,6645,1147
NW,6/1/2022 2 a.m. PDT,2217,-1,18278,899,60,5002,6476,1150
NW,6/1/2022 3 a.m. PDT,2224,-3,18122,852,58,5029,6216,1152
NW,6/1/2022 4 a.m. PDT,2001,-2,18093,854,60,5170,6829,1151
NW,6/1/2022 5 a.m. PDT,1738,-2,18566,898,61,5472,6987,1151
NW,6/1/2022 6 a.m. PDT,1873,222,19153,904,60,5801,7021,1152
NW,6/1/2022 7 a.m. PDT,1865,2029,19118,898,61,5252,6736,1152
NW,6/1/2022 8 a.m. PDT,1755,3901,19018,919,60,5223,6334,1149
NW,6/1/2022 9 a.m. PDT,1614,4483,18771,928,61,5241,6382,1148
NW,6/1/2022 10 a.m. PDT,1523,4648,18829,827,61,5009,6112,1145
NW,6/1/2022 11 a.m. PDT,1552,4850,18748,807,60,4871,5744,1145
NW,6/1/2022 12 p.m. PDT,1440,5035,18725,859,60,4683,6095,1144
NW,6/1/2022 1 p.m. PDT,1268,4946,18488,872,60,4745,6634,1142
NW,6/1/2022 2 p.m. PDT,1402,4944,19032,871,58,4779,6987,1142
NW,6/1/2022 3 p.m. PDT,1518,4798,19382,850,60,4830,7121,1142
NW,6/1/2022 4 p.m. PDT,1648,4602,19368,861,60,5254,7110,1141
NW,6/1/2022 5 p.m. PDT,1748,4292,19526,775,60,5749,7267,1141
NW,6/1/2022 6 p.m. PDT,1763,3806,20050,761,59,6226,7400,1140
NW,6/1/2022 7 p.m. PDT,1630,2021,20289,776,62,7593,7482,1140
NW,6/1/2022 8 p.m. PDT,1438,276,20315,919,59,8459,7465,1139
NW,6/1/2022 9 p.m. PDT,1448,28,20381,924,60,8446,7460,1138
NW,6/1/2022 10 p.m. PDT,1410,26,20394,860,60,7894,7477,1141
NW,6/1/2022 11 p.m. PDT,1349,23,19315,840,59,7236,7509,1142
NW,6/2/2022 12 a.m. PDT,1724,-3,18257,807,62,6314,7447,1144
NW,6/2/2022 1 a.m. PDT,1823,-1,18352,826,61,5865,7323,1145
NW,6/2/2022 2 a.m. PDT,1784,-1,17845,846,60,5551,7398,1145
NW,6/2/2022 3 a.m. PDT,1454,-4,17621,890,61,5364,7580,1144
NW,6/2/2022 4 a.m. PDT,1267,0,17395,895,59,5468,7788,1145
NW,6/2/2022 5 a.m. PDT,1342,0,18097,968,60,5713,7753,1146
NW,6/2/2022 6 a.m. PDT,1306,283,18698,944,61,5968,7766,1145
NW,6/2/2022 7 a.m. PDT,1268,2061,18935,961,61,5020,7730,1143
NW,6/2/2022 8 a.m. PDT,1209,3706,18893,981,61,5027,7653,1144
NW,6/2/2022 9 a.m. PDT,1187,4380,18876,891,61,4798,7688,1141
NW,6/2/2022 10 a.m. PDT,1436,4786,18993,894,61,4548,7698,1140
NW,6/2/2022 11 a.m. PDT,1659,4846,19102,882,60,4513,7522,1137
NW,6/2/2022 12 p.m. PDT,1941,4996,19379,873,60,4563,7285,1136
NW,6/2/2022 1 p.m. PDT,2204,4919,19142,863,58,4738,7325,1137
NW,6/2/2022 2 p.m. PDT,2308,4701,19324,853,60,5159,7257,1136
NW,6/2/2022 3 p.m. PDT,2220,4384,20290,854,59,5658,7369,1135
NW,6/2/2022 4 p.m. PDT,2122,4261,20425,845,58,6320,7634,1136
NW,6/2/2022 5 p.m. PDT,2438,3761,20517,806,60,7219,7944,1137
NW,6/2/2022 6 p.m. PDT,3091,3060,20502,823,61,7721,8104,1138
NW,6/2/2022 7 p.m. PDT,4240,1428,19877,814,59,8356,8061,1134
NW,6/2/2022 8 p.m. PDT,4443,242,19914,904,59,8091,8044,1137
NW,6/2/2022 9 p.m. PDT,4140,23,20318,909,58,7910,7885,1138
NW,6/2/2022 10 p.m. PDT,4027,24,20214,926,59,7588,7599,1139
NW,6/2/2022 11 p.m. PDT,3632,22,19227,910,61,7332,7522,1139
NW,6/3/2022 12 a.m. PDT,3288,-3,19036,866,60,6475,7407,1139
NW,6/3/2022 1 a.m. PDT,3279,-1,18922,846,60,6259,7236,1142
NW,6/3/2022 2 a.m. PDT,3122,-3,18963,931,61,6085,6692,1143
NW,6/3/2022 3 a.m. PDT,2959,-1,18563,942,58,5810,6798,1145
NW,6/3/2022 4 a.m. PDT,2766,-3,18534,918,59,5766,6945,1146
NW,6/3/2022 5 a.m. PDT,2724,2,18641,878,58,5820,7128,1146
NW,6/3/2022 6 a.m. PDT,2583,251,19293,903,59,5845,7393,1147
NW,6/3/2022 7 a.m. PDT,2772,1613,19431,908,58,4971,7167,1147
NW,6/3/2022 8 a.m. PDT,3074,3335,19674,889,57,4194,6694,1146
NW,6/3/2022 9 a.m. PDT,3343,4129,20033,895,57,3914,6758,1144
NW,6/3/2022 10 a.m. PDT,3513,4390,20044,886,57,3750,6249,1144
NW,6/3/2022 11 a.m. PDT,3279,4493,20566,917,59,4023,5978,1142
NW,6/3/2022 12 p.m. PDT,3705,4527,20635,973,57,4269,6122,1142
NW,6/3/2022 1 p.m. PDT,4134,4555,20504,952,55,4240,6288,1140
NW,6/3/2022 2 p.m. PDT,4661,4178,20458,943,55,4488,7097,1140
NW,6/3/2022 3 p.m. PDT,5564,3753,19862,919,55,4790,7200,1140
NW,6/3/2022 4 p.m. PDT,5258,3365,20026,881,56,5628,7488,1140
NW,6/3/2022 5 p.m. PDT,5678,3452,19578,870,57,5709,7371,1137
NW,6/3/2022 6 p.m. PDT,5748,3051,19157,776,57,6366,6952,1139
NW,6/3/2022 7 p.m. PDT,5822,1572,18936,783,57,7241,7496,1140
NW,6/3/2022 8 p.m. PDT,5355,186,19389,865,59,7808,7535,1142
NW,6/3/2022 9 p.m. PDT,5216,23,19211,856,57,7422,7282,1143
NW,6/3/2022 10 p.m. PDT,4671,18,19469,831,58,6587,6976,1147
NW,6/3/2022 11 p.m. PDT,4831,22,19336,816,57,6482,7113,1146
NW,6/4/2022 12 a.m. PDT,4815,-2,18969,788,57,5887,6725,1146
NW,6/4/2022 1 a.m. PDT,4634,-3,18692,860,57,5573,6297,1144
NW,6/4/2022 2 a.m. PDT,4020,-2,18404,845,55,5388,6335,1145
NW,6/4/2022 3 a.m. PDT,3256,-2,18310,858,57,5209,6144,1146
NW,6/4/2022 4 a.m. PDT,3037,-1,18619,807,57,5056,6067,1149
NW,6/4/2022 5 a.m. PDT,2726,-1,19222,779,56,5074,6219,1150
NW,6/4/2022 6 a.m. PDT,1823,262,19717,782,55,5018,6804,1149
NW,6/4/2022 7 a.m. PDT,1253,1551,19847,775,57,4323,6715,1148
NW,6/4/2022 8 a.m. PDT,1433,2674,19491,832,58,4092,5811,1149
NW,6/4/2022 9 a.m. PDT,1551,3392,19374,892,60,3600,5553,1148
NW,6/4/2022 10 a.m. PDT,1685,4077,19781,898,59,3518,5483,1148
NW,6/4/2022 11 a.m. PDT,1640,4253,20177,873,58,3813,5467,1146
NW,6/4/2022 12 p.m. PDT,1584,4263,20557,844,57,4445,5494,1146
NW,6/4/2022 1 p.m. PDT,1512,4081,20628,837,56,4494,5524,1146
NW,6/4/2022 2 p.m. PDT,1653,3700,20750,828,57,4763,5722,1146
NW,6/4/2022 3 p.m. PDT,1967,3238,20511,825,56,5181,5947,1146
NW,6/4/2022 4 p.m. PDT,2658,2991,20981,786,56,5463,5910,1144
NW,6/4/2022 5 p.m. PDT,2561,2351,21601,796,56,5673,6680,1142
NW,6/4/2022 6 p.m. PDT,2792,1959,21623,817,58,5888,7158,1142
NW,6/4/2022 7 p.m. PDT,2698,1103,21478,818,57,6353,7458,1142
NW,6/4/2022 8 p.m. PDT,2311,188,21475,893,57,6982,7932,1141
NW,6/4/2022 9 p.m. PDT,2139,26,21426,892,56,7828,7914,1142
NW,6/4/2022 10 p.m. PDT,1810,15,20924,875,55,7826,7781,1143
NW,6/4/2022 11 p.m. PDT,2065,-3,20244,865,56,7439,7645,1144
NW,6/5/2022 12 a.m. PDT,2559,-3,19694,824,57,6096,7534,1144
NW,6/5/2022 1 a.m. PDT,2668,-1,19795,817,54,5670,6798,1145
NW,6/5/2022 2 a.m. PDT,3123,-1,19330,815,56,5521,5626,1144
NW,6/5/2022 3 a.m. PDT,2953,-2,19304,823,54,5411,5255,1144
NW,6/5/2022 4 a.m. PDT,2946,-2,18926,830,53,5155,5331,1144
NW,6/5/2022 5 a.m. PDT,3027,-3,19250,828,54,4948,5159,1145
NW,6/5/2022 6 a.m. PDT,2860,208,19532,835,56,4815,5377,1145
NW,6/5/2022 7 a.m. PDT,3203,1446,19137,838,55,4314,5091,1146
NW,6/5/2022 8 a.m. PDT,3884,3158,19337,835,55,3767,4275,1145
NW,6/5/2022 9 a.m. PDT,4640,3912,19308,869,56,3549,3686,1142
NW,6/5/2022 10 a.m. PDT,4768,4413,19506,926,58,3146,3503,1139
NW,6/5/2022 11 a.m. PDT,4785,4421,19795,887,58,3199,3463,1140
NW,6/5/2022 12 p.m. PDT,4722,4337,20089,896,57,3331,3604,1140
NW,6/5/2022 1 p.m. PDT,4671,4262,19886,832,57,3708,3883,1139
NW,6/5/2022 2 p.m. PDT,5106,4095,19663,806,56,4240,3986,1138
NW,6/5/2022 3 p.m. PDT,4672,3831,19980,806,57,5306,4175,1140
NW,6/5/2022 4 p.m. PDT,5010,3908,20410,851,56,5863,4630,1139
NW,6/5/2022 5 p.m. PDT,5693,3842,19790,896,59,5885,5739,1137
NW,6/5/2022 6 p.m. PDT,6187,3383,19812,857,57,6886,5976,1138
NW,6/5/2022 7 p.m. PDT,6201,1887,20094,836,56,7902,6322,1139
NW,6/5/2022 8 p.m. PDT,6110,333,20496,867,54,8260,6356,1137
NW,6/5/2022 9 p.m. PDT,6328,34,20023,875,53,7818,6465,1141
NW,6/5/2022 10 p.m. PDT,5661,23,19971,881,54,7318,6467,1143
NW,6/5/2022 11 p.m. PDT,5494,6,19479,824,56,7023,6333,1144
NW,6/6/2022 12 a.m. PDT,3871,-1,18703,816,58,6528,6323,1147
NW,6/6/2022 1 a.m. PDT,4784,-3,17706,825,57,6019,5840,1149
NW,6/6/2022 2 a.m. PDT,4593,-2,17483,828,58,5630,5467,1149
NW,6/6/2022 3 a.m. PDT,4585,-3,17569,900,56,5253,5404,1152
NW,6/6/2022 4 a.m. PDT,4991,0,17680,935,57,5174,4962,1153
NW,6/6/2022 5 a.m. PDT,5396,0,17923,922,56,5157,5185,1152
NW,6/6/2022 6 a.m. PDT,5148,336,19099,944,56,5262,5669,1152
NW,6/6/2022 7 a.m. PDT,5052,2233,20377,951,56,4406,5860,1152
NW,6/6/2022 8 a.m. PDT,5244,4156,20717,928,55,4008,5221,1151
NW,6/6/2022 9 a.m. PDT,5569,4807,20853,890,56,4133,4392,1151
NW,6/6/2022 10 a.m. PDT,6276,4950,20599,881,56,3993,4560,1150
NW,6/6/2022 11 a.m. PDT,6439,4989,20465,934,57,4215,4723,1147
NW,6/6/2022 12 p.m. PDT,6215,4967,21061,864,55,4567,5199,1147
NW,6/6/2022 1 p.m. PDT,6165,4888,20946,849,56,5020,6142,1147
NW,6/6/2022 2 p.m. PDT,6419,4709,20908,823,54,5696,6406,1148
NW,6/6/2022 3 p.m. PDT,7159,4420,20919,880,53,5905,6424,1147
NW,6/6/2022 4 p.m. PDT,7961,4101,20035,866,54,6186,6364,1147
NW,6/6/2022 5 p.m. PDT,8721,3885,19490,810,57,6362,6437,1146
NW,6/6/2022 6 p.m. PDT,9403,3636,19589,794,57,6525,6278,1145
NW,6/6/2022 7 p.m. PDT,9680,2258,19693,802,57,7238,6037,1144
NW,6/6/2022 8 p.m. PDT,7975,471,20312,933,56,7891,6589,1145
NW,6/6/2022 9 p.m. PDT,6887,34,20130,936,57,7898,6836,1146
NW,6/6/2022 10 p.m. PDT,6098,23,19966,918,58,7652,6860,1149
NW,6/6/2022 11 p.m. PDT,6207,24,20111,890,58,7172,6218,1148
NW,6/7/2022 12 a.m. PDT,5223,-2,19695,906,58,6623,5987,1151
NW,6/7/2022 1 a.m. PDT,4366,-2,18913,846,58,5937,5929,1153
NW,6/7/2022 2 a.m. PDT,3496,-2,18941,863,58,5647,5615,1155
NW,6/7/2022 3 a.m. PDT,3503,-1,18992,881,59,5319,5300,1155
NW,6/7/2022 4 a.m. PDT,3581,-3,19283,879,58,5024,4986,1155
NW,6/7/2022 5 a.m. PDT,3519,3,20073,884,59,4974,5076,1155
NW,6/7/2022 6 a.m. PDT,3000,326,21253,898,58,5140,5705,1154
NW,6/7/2022 7 a.m. PDT,1975,2307,21917,887,58,4424,7133,1155
NW,6/7/2022 8 a.m. PDT,1563,4186,22099,891,54,4084,7531,1153
NW,6/7/2022 9 a.m. PDT,1771,4955,22084,915,55,3968,7444,1152
NW,6/7/2022 10 a.m. PDT,2150,5124,21995,927,41,3933,7696,1151
NW,6/7/2022 11 a.m. PDT,2355,5145,21699,903,48,4212,7722,1149
NW,6/7/2022 12 p.m. PDT,3195,4914,21746,972,49,4905,7438,1146
NW,6/7/2022 1 p.m. PDT,4068,4850,21396,965,51,5207,7138,1146
NW,6/7/2022 2 p.m. PDT,4936,4737,21200,953,51,5314,7346,1144
NW,6/7/2022 3 p.m. PDT,5319,4548,21450,857,53,5436,7230,1144
NW,6/7/2022 4 p.m. PDT,4799,4435,22040,840,53,6747,7163,1143
NW,6/7/2022 5 p.m. PDT,4208,4161,22608,825,53,7192,7287,1142
NW,6/7/2022 6 p.m. PDT,4516,3325,23018,821,54,7230,7496,1144
NW,6/7/2022 7 p.m. PDT,4151,1658,23077,857,53,8077,7666,1144
NW,6/7/2022 8 p.m. PDT,3634,241,23483,864,53,8145,7778,1145
NW,6/7/2022 9 p.m. PDT,2738,26,23438,859,54,8158,7813,1145
NW,6/7/2022 10 p.m. PDT,3277,-1,22929,888,56,7545,7565,1146
NW,6/7/2022 11 p.m. PDT,3483,2,22077,848,55,6952,6981,1145
NW,6/8/2022 12 a.m. PDT,3356,-5,21456,842,53,6529,6668,1145
NW,6/8/2022 1 a.m. PDT,3723,0,20317,834,54,5902,6411,1145
NW,6/8/2022 2 a.m. PDT,3412,-1,20022,933,54,5916,6416,1146
NW,6/8/2022 3 a.m. PDT,3643,0,19171,918,54,5552,6199,1146
NW,6/8/2022 4 a.m. PDT,3927,-3,18986,917,54,5634,5912,1146
NW,6/8/2022 5 a.m. PDT,3884,-1,19274,932,54,5633,5994,1146
NW,6/8/2022 6 a.m. PDT,4073,254,19722,927,54,5712,6376,1146
NW,6/8/2022 7 a.m. PDT,3571,1807,20899,925,55,5075,5882,1148
NW,6/8/2022 8 a.m. PDT,2716,3554,21607,901,55,4784,5660,1147
NW,6/8/2022 9 a.m. PDT,2194,4133,21996,876,55,4928,5611,1147
NW,6/8/2022 10 a.m. PDT,1974,4375,22504,902,57,5061,5680,1145
NW,6/8/2022 11 a.m. PDT,2164,4573,21997,860,58,5285,6175,1144
NW,6/8/2022 12 p.m. PDT,1984,4636,22136,841,56,5342,6577,1141
NW,6/8/2022 1 p.m. PDT,2263,4617,22361,823,57,5499,7282,1141
NW,6/8/2022 2 p.m. PDT,2539,4592,22327,810,56,6120,7473,1139
NW,6/8/2022 3 p.m. PDT,2985,4424,22203,811,55,6763,7540,1139
NW,6/8/2022 4 p.m. PDT,3246,4003,22149,717,54,7308,7353,1141
NW,6/8/2022 5 p.m. PDT,3767,3828,22336,708,54,7486,7293,1140
NW,6/8/2022 6 p.m. PDT,4263,2843,22330,713,56,8029,7128,1141
NW,6/8/2022 7 p.m. PDT,4594,1349,22436,780,53,8469,7099,1141
NW,6/8/2022 8 p.m. PDT,4936,319,22631,772,54,7882,7187,1149
NW,6/8/2022 9 p.m. PDT,5541,40,22217,793,54,7602,7239,1155
NW,6/8/2022 10 p.m. PDT,6044,21,22015,783,55,7129,6514,1156
NW,6/8/2022 11 p.m. PDT,6129,-2,21188,762,54,6516,6007,1146
NW,6/9/2022 12 a.m. PDT,5768,-1,20482,778,55,6445,5411,1146
NW,6/9/2022 1 a.m. PDT,5387,-2,19502,795,55,6137,5530,1148
NW,6/9/2022 2 a.m. PDT,5328,-2,18884,805,58,5774,5726,1149
NW,6/9/2022 3 a.m. PDT,4811,-2,18820,812,57,5496,5817,1149
NW,6/9/2022 4 a.m. PDT,4209,-1,19285,816,56,5132,5936,1151
NW,6/9/2022 5 a.m. PDT,4046,-2,19832,822,56,5057,6064,1149
NW,6/9/2022 6 a.m. PDT,3602,217,20595,822,56,5296,6236,1149
NW,6/9/2022 7 a.m. PDT,3156,1756,20878,809,56,5117,6484,1146
NW,6/9/2022 8 a.m. PDT,2784,3549,21580,801,57,4625,6797,1147
NW,6/9/2022 9 a.m. PDT,2544,4096,22236,802,55,4827,6970,1146
NW,6/9/2022 10 a.m. PDT,2349,4287,22271,803,56,5774,7163,1146
NW,6/9/2022 11 a.m. PDT,2251,4429,22379,791,53,6682,7279,1144
NW,6/9/2022 12 p.m. PDT,2534,4453,22626,788,53,6959,7406,1145
NW,6/9/2022 1 p.m. PDT,2693,4394,22276,784,52,7513,7470,1144
NW,6/9/2022 2 p.m. PDT,3121,4397,22552,769,51,8314,7537,1142
NW,6/9/2022 3 p.m. PDT,3728,4338,22334,756,52,8890,7539,1140
NW,6/9/2022 4 p.m. PDT,3989,3959,22255,737,52,9101,7589,1137
NW,6/9/2022 5 p.m. PDT,3874,3489,22776,720,52,9388,7351,1140
NW,6/9/2022 6 p.m. PDT,3905,2640,23104,711,53,9465,7731,1139
NW,6/9/2022 7 p.m. PDT,3804,1260,23085,686,51,9650,7783,1135
NW,6/9/2022 8 p.m. PDT,3496,287,23005,759,53,10060,7796,1136
NW,6/9/2022 9 p.m. PDT,3452,30,22345,772,54,9834,7673,1136
NW,6/9/2022 10 p.m. PDT,3640,25,21506,776,56,8879,7625,1137
NW,6/9/2022 11 p.m. PDT,3783,22,21348,768,54,8595,6991,1135
NW,6/10/2022 12 a.m. PDT,3636,0,20229,712,56,7589,6641,1130
NW,6/10/2022 1 a.m. PDT,4718,-2,19654,712,54,6444,6565,1130
NW,6/10/2022 2 a.m. PDT,4462,-3,19458,721,53,6162,6314,1134
NW,6/10/2022 3 a.m. PDT,4124,-2,19428,742,55,5971,6218,1136
NW,6/10/2022 4 a.m. PDT,4421,-1,19316,753,54,5822,6364,1139
NW,6/10/2022 5 a.m. PDT,4462,1,19533,767,54,5915,5975,1136
NW,6/10/2022 6 a.m. PDT,4243,296,20180,811,54,6263,5936,1137
NW,6/10/2022 7 a.m. PDT,3683,2026,21263,800,54,5802,6075,1137
NW,6/10/2022 8 a.m. PDT,3412,3683,22184,796,52,5444,6044,1135
NW,6/10/2022 9 a.m. PDT,3424,4242,22666,785,54,5603,6258,1135
NW,6/10/2022 10 a.m. PDT,3456,4435,22869,788,53,6027,6637,1134
NW,6/10/2022 11 a.m. PDT,3334,4524,23192,799,53,6656,7206,1135
NW,6/10/2022 12 p.m. PDT,3382,4608,23142,801,53,7400,7285,1133
NW,6/10/2022 1 p.m. PDT,3556,4630,22987,783,51,8181,7212,1134
NW,6/10/2022 2 p.m. PDT,3581,4561,22962,785,49,9192,7166,1134
NW,6/10/2022 3 p.m. PDT,3936,4517,22678,796,51,9528,7109,1134
NW,6/10/2022 4 p.m. PDT,3821,4375,22442,771,51,10280,7240,1136
NW,6/10/2022 5 p.m. PDT,3932,4022,22263,748,49,10698,7499,1136
NW,6/10/2022 6 p.m. PDT,4148,3688,22311,743,55,10626,7682,1137
NW,6/10/2022 7 p.m. PDT,3957,2195,22866,691,54,10621,7813,1138
NW,6/10/2022 8 p.m. PDT,4555,397,22771,725,54,10433,7636,1140
NW,6/10/2022 9 p.m. PDT,5178,29,22533,770,54,9236,7453,1140
NW,6/10/2022 10 p.m. PDT,5330,24,22306,781,56,8628,7366,1140
NW,6/10/2022 11 p.m. PDT,5310,25,21961,774,56,7953,6556,1140
NW,6/11/2022 12 a.m. PDT,5323,21,21301,770,56,6955,5952,1138
NW,6/11/2022 1 a.m. PDT,5951,0,20909,740,55,6424,5980,1018
NW,6/11/2022 2 a.m. PDT,6048,-2,20338,753,54,6196,5867,948
NW,6/11/2022 3 a.m. PDT,5984,-2,20321,750,54,5971,5394,756
NW,6/11/2022 4 a.m. PDT,6016,-3,20342,754,53,5322,5382,715
NW,6/11/2022 5 a.m. PDT,5847,-1,20343,778,52,5171,5474,694
NW,6/11/2022 6 a.m. PDT,5535,305,20351,774,53,5053,5354,691
NW,6/11/2022 7 a.m. PDT,4548,1988,20859,770,51,4779,5640,689
NW,6/11/2022 8 a.m. PDT,3939,3647,21613,787,52,4157,5635,666
NW,6/11/2022 9 a.m. PDT,3972,4251,22543,769,53,4491,6181,543
NW,6/11/2022 10 a.m. PDT,4303,4414,22632,772,52,5292,6859,496
NW,6/11/2022 11 a.m. PDT,4060,4490,22698,753,52,6043,7272,393
NW,6/11/2022 12 p.m. PDT,4278,4615,22543,739,52,6828,7379,257
NW,6/11/2022 1 p.m. PDT,4511,4582,22430,705,51,7984,7260,252
NW,6/11/2022 2 p.m. PDT,4530,4548,22415,684,50,8745,7112,321
NW,6/11/2022 3 p.m. PDT,4979,4453,21957,716,49,9560,7076,358
NW,6/11/2022 4 p.m. PDT,5735,4201,21654,702,52,10010,6840,368
NW,6/11/2022 5 p.m. PDT,5799,3961,21768,697,52,10383,6846,378
NW,6/11/2022 6 p.m. PDT,6616,3329,21846,688,51,10167,6866,388
NW,6/11/2022 7 p.m. PDT,7023,1879,21423,676,51,10418,7060,395
NW,6/11/2022 8 p.m. PDT,6998,446,21109,740,52,10166,7059,387
NW,6/11/2022 9 p.m. PDT,7580,32,21186,758,47,9366,6791,364
NW,6/11/2022 10 p.m. PDT,6847,18,21312,696,45,8594,6568,370
NW,6/11/2022 11 p.m. PDT,5900,19,21468,774,55,7886,6466,375
NW,6/12/2022 12 a.m. PDT,4525,14,21074,759,54,7693,6582,380
NW,6/12/2022 1 a.m. PDT,4208,0,20570,723,51,7498,6735,384
NW,6/12/2022 2 a.m. PDT,4023,-3,20234,734,46,6869,6756,388
NW,6/12/2022 3 a.m. PDT,4129,-1,20353,733,43,6303,6329,283
NW,6/12/2022 4 a.m. PDT,4064,-3,20616,734,44,6138,6162,349
NW,6/12/2022 5 a.m. PDT,3726,0,20186,733,47,5948,6256,391
NW,6/12/2022 6 a.m. PDT,3178,248,20492,736,44,5694,6377,400
NW,6/12/2022 7 a.m. PDT,2381,1701,20499,734,43,4991,6481,404
NW,6/12/2022 8 a.m. PDT,1878,3149,20982,726,47,5040,5486,406
NW,6/12/2022 9 a.m. PDT,1684,3651,22118,721,45,5031,4908,407
NW,6/12/2022 10 a.m. PDT,1934,3979,22593,701,47,5756,5377,408
NW,6/12/2022 11 a.m. PDT,2232,4103,22757,704,47,6508,5934,399
NW,6/12/2022 12 p.m. PDT,2635,4140,22940,716,45,6063,6794,395
NW,6/12/2022 1 p.m. PDT,3846,4031,22805,719,44,5680,7136,396
NW,6/12/2022 2 p.m. PDT,5264,3980,22125,715,45,5823,7093,395
NW,6/12/2022 3 p.m. PDT,6438,4078,21101,707,45,6285,6925,396
NW,6/12/2022 4 p.m. PDT,6901,4054,20395,717,46,6534,7074,380
NW,6/12/2022 5 p.m. PDT,8003,3759,19976,710,44,6553,7037,356
NW,6/12/2022 6 p.m. PDT,8413,3293,19790,710,44,7159,7340,356
NW,6/12/2022 7 p.m. PDT,8480,1907,19841,755,45,8232,7191,365
NW,6/12/2022 8 p.m. PDT,8761,355,20078,768,46,8039,7189,390
NW,6/12/2022 9 p.m. PDT,8699,30,20029,750,46,7655,7342,396
NW,6/12/2022 10 p.m. PDT,9351,4,19724,774,48,7544,7029,368
NW,6/12/2022 11 p.m. PDT,8960,-3,19743,730,47,7162,6516,368
NW,6/13/2022 12 a.m. PDT,8861,-2,19059,744,48,6600,5941,370
NW,6/13/2022 1 a.m. PDT,8444,-2,18356,765,45,6391,5905,369
NW,6/13/2022 2 a.m. PDT,8157,-1,18332,775,43,6054,5678,370
NW,6/13/2022 3 a.m. PDT,7965,-2,18205,774,42,6062,5658,372
NW,6/13/2022 4 a.m. PDT,8170,0,17681,801,42,5901,5246,374
NW,6/13/2022 5 a.m. PDT,8892,0,18059,810,44,5653,5264,375
NW,6/13/2022 6 a.m. PDT,9236,252,18663,821,43,5267,5753,377
NW,6/13/2022 7 a.m. PDT,9228,1916,20460,820,41,4725,5831,379
NW,6/13/2022 8 a.m. PDT,8840,3621,21147,841,43,4164,5406,380
NW,6/13/2022 9 a.m. PDT,9363,3996,21282,858,47,4022,5091,380
NW,6/13/2022 10 a.m. PDT,9726,4104,21274,865,50,3916,4984,381
NW,6/13/2022 11 a.m. PDT,9742,4110,21298,869,49,4228,4848,382
NW,6/13/2022 12 p.m. PDT,9803,4188,20694,860,45,4640,4877,382
NW,6/13/2022 1 p.m. PDT,9827,4025,20723,846,47,5088,4822,382
NW,6/13/2022 2 p.m. PDT,9800,3929,20662,828,47,5858,4852,381
NW,6/13/2022 3 p.m. PDT,9856,3979,20901,832,45,6235,4907,384
NW,6/13/2022 4 p.m. PDT,10002,4030,21160,830,43,6543,4938,386
NW,6/13/2022 5 p.m. PDT,9911,3908,21226,827,44,6963,5324,388
NW,6/13/2022 6 p.m. PDT,9758,3645,21334,828,46,7315,5466,388
NW,6/13/2022 7 p.m. PDT,9559,2198,21328,863,46,7965,5503,389
NW,6/13/2022 8 p.m. PDT,10473,497,21454,891,44,7518,5570,390
NW,6/13/2022 9 p.m. PDT,10477,41,21847,898,49,7115,5764,391
NW,6/13/2022 10 p.m. PDT,10508,26,21580,893,53,6797,5194,392
NW,6/13/2022 11 p.m. PDT,8433,-1,20549,839,52,6690,5023,393
NW,6/14/2022 12 a.m. PDT,7123,-1,20676,838,52,6188,4813,395
NW,6/14/2022 1 a.m. PDT,8395,-3,21314,839,54,5811,6227,397
NW,6/14/2022 2 a.m. PDT,7845,-1,21112,847,54,5536,5864,395
NW,6/14/2022 3 a.m. PDT,7841,-1,21004,857,53,5356,5871,399
NW,6/14/2022 4 a.m. PDT,7757,-3,21096,877,54,5025,5848,399
NW,6/14/2022 5 a.m. PDT,7843,-1,21164,882,54,5000,5990,400
NW,6/14/2022 6 a.m. PDT,8011,306,22021,894,55,5100,6109,399
NW,6/14/2022 7 a.m. PDT,8780,2217,22020,886,53,4047,6308,399
NW,6/14/2022 8 a.m. PDT,9089,4090,22335,888,51,3683,6669,397
NW,6/14/2022 9 a.m. PDT,9551,4523,22497,897,51,3510,6472,395
NW,6/14/2022 10 a.m. PDT,9496,4561,22597,897,52,3450,6532,395
NW,6/14/2022 11 a.m. PDT,9369,4660,22162,876,53,3532,6729,394
NW,6/14/2022 12 p.m. PDT,9596,4684,21803,859,54,3830,6710,394
NW,6/14/2022 1 p.m. PDT,8945,4675,22435,846,54,4053,6670,393
NW,6/14/2022 2 p.m. PDT,8850,4622,22652,838,52,4229,6336,394
NW,6/14/2022 3 p.m. PDT,9016,4599,22817,823,53,4436,6220,392
NW,6/14/2022 4 p.m. PDT,9353,4579,22661,794,54,4766,6438,392
NW,6/14/2022 5 p.m. PDT,10718,4511,22782,794,53,5000,6692,391
NW,6/14/2022 6 p.m. PDT,11492,4142,22930,785,54,5165,6726,391
NW,6/14/2022 7 p.m. PDT,10497,2573,22976,814,53,5967,7344,391
NW,6/14/2022 8 p.m. PDT,9848,598,22755,823,52,6744,7425,392
NW,6/14/2022 9 p.m. PDT,9810,35,22745,839,54,6703,7623,391
NW,6/14/2022 10 p.m. PDT,9881,-3,22394,833,56,6523,6904,393
NW,6/14/2022 11 p.m. PDT,8192,-1,22415,798,55,6430,6352,393
